Departamento,MODALIDAD DE SERVICIO,VIGENCIA,BENEFICIARIOS,codmpio
ANTIOQUIA,PRESTACIÓN DE SERVICIOS A LA COMUNIDAD,2015,100,5
ANTIOQUIA,LIBERTAD VIGILADA,2015,375,5
ANTIOQUIA,SEMICERRADO - EXTERNADO RESTABLECIMIENTO,2015,45,5
ANTIOQUIA,SEMICERRADO - EXTERNADO SRPA,2015,30,5
ANTIOQUIA,SEMICERRADO - SEMIINTERNADO RESTABLECIMIENTO,2015,176,5
ANTIOQUIA,SEMICERRADO - SEMIINTERNADO SRPA,2015,98,5
ANTIOQUIA,SEMICERRADO - INTERNADO RESTABLECIMIENTO,2015,319,5
ANTIOQUIA,SEMICERRADO - INTERNAMIENTO ABIERTO SRPA,2015,60,5
ATLANTICO,PRESTACIÓN DE SERVICIOS A LA COMUNIDAD,2015,17,8
ATLANTICO,LIBERTAD VIGILADA,2015,83,8
ATLANTICO,SEMICERRADO - EXTERNADO RESTABLECIMIENTO,2015,6,8
ATLANTICO,SEMICERRADO - EXTERNADO SRPA,2015,6,8
ATLANTICO,SEMICERRADO - SEMIINTERNADO RESTABLECIMIENTO,2015,38,8
ATLANTICO,SEMICERRADO - SEMIINTERNADO SRPA,2015,43,8
ATLANTICO,SEMICERRADO - INTERNADO RESTABLECIMIENTO,2015,40,8
BOGOTA,PRESTACIÓN DE SERVICIOS A LA COMUNIDAD,2015,446,11
BOGOTA,LIBERTAD VIGILADA,2015,450,11
BOGOTA,SEMICERRADO - EXTERNADO RESTABLECIMIENTO,2015,130,11
BOGOTA,SEMICERRADO - EXTERNADO SRPA,2015,133,11
BOGOTA,SEMICERRADO - INTERNADO RESTABLECIMIENTO,2015,419,11
BOLIVAR,LIBERTAD VIGILADA,2015,68,13
BOLIVAR,SEMICERRADO - EXTERNADO RESTABLECIMIENTO,2015,22,13
BOLIVAR,SEMICERRADO - EXTERNADO SRPA,2015,5,13
BOLIVAR,SEMICERRADO - SEMIINTERNADO SRPA,2015,10,13
BOLIVAR,SEMICERRADO - INTERNADO RESTABLECIMIENTO,2015,31,13
BOYACA,PRESTACIÓN DE SERVICIOS A LA COMUNIDAD,2015,7,15
BOYACA,LIBERTAD VIGILADA,2015,33,15
BOYACA,SEMICERRADO - EXTERNADO RESTABLECIMIENTO,2015,3,15
BOYACA,SEMICERRADO - EXTERNADO SRPA,2015,3,15
BOYACA,SEMICERRADO - SEMIINTERNADO RESTABLECIMIENTO,2015,7,15
BOYACA,SEMICERRADO - SEMIINTERNADO SRPA,2015,7,15
BOYACA,SEMICERRADO - INTERNADO RESTABLECIMIENTO,2015,31,15
CALDAS,PRESTACIÓN DE SERVICIOS A LA COMUNIDAD,2015,22,17
CALDAS,LIBERTAD VIGILADA,2015,78,17
CALDAS,SEMICERRADO - EXTERNADO RESTABLECIMIENTO,2015,66,17
CALDAS,SEMICERRADO - EXTERNADO SRPA,2015,28,17
CALDAS,SEMICERRADO - SEMIINTERNADO RESTABLECIMIENTO,2015,46,17
CALDAS,SEMICERRADO - SEMIINTERNADO SRPA,2015,22,17
CALDAS,SEMICERRADO - INTERNADO RESTABLECIMIENTO,2015,212,17
CALDAS,SEMICERRADO - INTERNAMIENTO ABIERTO SRPA,2015,99,17
CAQUETA,PRESTACIÓN DE SERVICIOS A LA COMUNIDAD,2015,6,18
CAQUETA,LIBERTAD VIGILADA,2015,25,18
CAUCA,PRESTACIÓN DE SERVICIOS A LA COMUNIDAD,2015,83,19
CAUCA,LIBERTAD VIGILADA,2015,126,19
CAUCA,SEMICERRADO - EXTERNADO SRPA,2015,42,19
CAUCA,SEMICERRADO - INTERNADO RESTABLECIMIENTO,2015,143,19
CESAR,PRESTACIÓN DE SERVICIOS A LA COMUNIDAD,2015,28,20
CESAR,LIBERTAD VIGILADA,2015,21,20
CESAR,SEMICERRADO - EXTERNADO RESTABLECIMIENTO,2015,10,20
CESAR,SEMICERRADO - EXTERNADO SRPA,2015,5,20
CESAR,SEMICERRADO - SEMIINTERNADO RESTABLECIMIENTO,2015,11,20
CESAR,SEMICERRADO - SEMIINTERNADO SRPA,2015,11,20
CORDOBA,LIBERTAD VIGILADA,2015,39,23
CORDOBA,SEMICERRADO - SEMIINTERNADO SRPA,2015,13,23
CUNDINAMARCA,SEMICERRADO - EXTERNADO RESTABLECIMIENTO,2015,26,25
CUNDINAMARCA,SEMICERRADO - EXTERNADO SRPA,2015,63,25
CUNDINAMARCA,SEMICERRADO - SEMIINTERNADO SRPA,2015,70,25
CUNDINAMARCA,SEMICERRADO - INTERNADO RESTABLECIMIENTO,2015,42,25
CUNDINAMARCA,SEMICERRADO - INTERNAMIENTO ABIERTO SRPA,2015,26,25
CHOCO,PRESTACIÓN DE SERVICIOS A LA COMUNIDAD,2015,2,27
CHOCO,LIBERTAD VIGILADA,2015,19,27
CHOCO,SEMICERRADO - EXTERNADO RESTABLECIMIENTO,2015,14,27
CHOCO,SEMICERRADO - EXTERNADO SRPA,2015,10,27
HUILA,PRESTACIÓN DE SERVICIOS A LA COMUNIDAD,2015,66,41
HUILA,LIBERTAD VIGILADA,2015,64,41
HUILA,SEMICERRADO - EXTERNADO SRPA,2015,10,41
HUILA,SEMICERRADO - SEMIINTERNADO SRPA,2015,13,41
HUILA,SEMICERRADO - INTERNAMIENTO ABIERTO SRPA,2015,25,41
GUAJIRA,PRESTACIÓN DE SERVICIOS A LA COMUNIDAD,2015,                  - ,44
GUAJIRA,LIBERTAD VIGILADA,2015,19,44
GUAJIRA,SEMICERRADO - EXTERNADO SRPA,2015,30,44
MAGDALENA,LIBERTAD VIGILADA,2015,40,47
MAGDALENA,SEMICERRADO - EXTERNADO RESTABLECIMIENTO,2015,30,47
MAGDALENA,SEMICERRADO - EXTERNADO SRPA,2015,3,47
META,PRESTACIÓN DE SERVICIOS A LA COMUNIDAD,2015,12,50
META,LIBERTAD VIGILADA,2015,54,50
META,SEMICERRADO - EXTERNADO RESTABLECIMIENTO,2015,42,50
META,SEMICERRADO - EXTERNADO SRPA,2015,26,50
NARIÑO,PRESTACIÓN DE SERVICIOS A LA COMUNIDAD,2015,13,52
NARIÑO,LIBERTAD VIGILADA,2015,40,52
NARIÑO,SEMICERRADO - EXTERNADO RESTABLECIMIENTO,2015,24,52
NARIÑO,SEMICERRADO - EXTERNADO SRPA,2015,42,52
NARIÑO,SEMICERRADO - SEMIINTERNADO SRPA,2015,17,52
NARIÑO,SEMICERRADO - INTERNADO RESTABLECIMIENTO,2015,59,52
NORTE DE SANTANDER,PRESTACIÓN DE SERVICIOS A LA COMUNIDAD,2015,2,54
NORTE DE SANTANDER,LIBERTAD VIGILADA,2015,58,54
NORTE DE SANTANDER,SEMICERRADO - EXTERNADO RESTABLECIMIENTO,2015,                  - ,54
NORTE DE SANTANDER,SEMICERRADO - EXTERNADO SRPA,2015,6,54
NORTE DE SANTANDER,SEMICERRADO - INTERNADO RESTABLECIMIENTO,2015,23,54
NORTE DE SANTANDER,SEMICERRADO - INTERNAMIENTO ABIERTO SRPA,2015,35,54
QUINDIO,PRESTACIÓN DE SERVICIOS A LA COMUNIDAD,2015,22,63
QUINDIO,LIBERTAD VIGILADA,2015,23,63
QUINDIO,SEMICERRADO - EXTERNADO RESTABLECIMIENTO,2015,13,63
QUINDIO,SEMICERRADO - EXTERNADO SRPA,2015,15,63
QUINDIO,SEMICERRADO - SEMIINTERNADO RESTABLECIMIENTO,2015,66,63
QUINDIO,SEMICERRADO - SEMIINTERNADO SRPA,2015,46,63
QUINDIO,SEMICERRADO - INTERNADO RESTABLECIMIENTO,2015,94,63
QUINDIO,SEMICERRADO - INTERNAMIENTO ABIERTO SRPA,2015,52,63
RISARALDA,PRESTACIÓN DE SERVICIOS A LA COMUNIDAD,2015,37,66
RISARALDA,LIBERTAD VIGILADA,2015,83,66
RISARALDA,SEMICERRADO - EXTERNADO SRPA,2015,66,66
RISARALDA,SEMICERRADO - SEMIINTERNADO SRPA,2015,93,66
RISARALDA,SEMICERRADO - INTERNADO RESTABLECIMIENTO,2015,8,66
RISARALDA,SEMICERRADO - INTERNAMIENTO ABIERTO SRPA,2015,30,66
SANTANDER,PRESTACIÓN DE SERVICIOS A LA COMUNIDAD,2015,1,68
SANTANDER,LIBERTAD VIGILADA,2015,99,68
SANTANDER,SEMICERRADO - EXTERNADO RESTABLECIMIENTO,2015,4,68
SANTANDER,SEMICERRADO - EXTERNADO SRPA,2015,71,68
SANTANDER,SEMICERRADO - INTERNADO RESTABLECIMIENTO,2015,40,68
SANTANDER,SEMICERRADO - INTERNAMIENTO ABIERTO SRPA,2015,17,68
SUCRE,LIBERTAD VIGILADA,2015,25,70
SUCRE,SEMICERRADO - EXTERNADO SRPA,2015,15,70
TOLIMA,PRESTACIÓN DE SERVICIOS A LA COMUNIDAD,2015,57,73
TOLIMA,LIBERTAD VIGILADA,2015,143,73
TOLIMA,SEMICERRADO - EXTERNADO SRPA,2015,67,73
TOLIMA,SEMICERRADO - INTERNADO RESTABLECIMIENTO,2015,101,73
VALLE,LIBERTAD VIGILADA,2015,498,76
VALLE,SEMICERRADO - EXTERNADO SRPA,2015,164,76
VALLE,SEMICERRADO - INTERNADO RESTABLECIMIENTO,2015,48,76
ARAUCA,PRESTACIÓN DE SERVICIOS A LA COMUNIDAD,2015,                  - ,81
ARAUCA,LIBERTAD VIGILADA,2015,3,81
ARAUCA,SEMICERRADO - EXTERNADO RESTABLECIMIENTO,2015,1,81
ARAUCA,SEMICERRADO - EXTERNADO SRPA,2015,4,81
ARAUCA,SEMICERRADO - SEMIINTERNADO RESTABLECIMIENTO,2015,1,81
ARAUCA,SEMICERRADO - SEMIINTERNADO SRPA,2015,2,81
ARAUCA,SEMICERRADO - INTERNADO RESTABLECIMIENTO,2015,14,81
ARAUCA,SEMICERRADO - INTERNAMIENTO ABIERTO SRPA,2015,7,81
CASANARE,PRESTACIÓN DE SERVICIOS A LA COMUNIDAD,2015,2,85
CASANARE,LIBERTAD VIGILADA,2015,38,85
CASANARE,SEMICERRADO - EXTERNADO SRPA,2015,4,85
CASANARE,SEMICERRADO - SEMIINTERNADO SRPA,2015,13,85
PUTUMAYO,PRESTACIÓN DE SERVICIOS A LA COMUNIDAD,2015,4,86
PUTUMAYO,LIBERTAD VIGILADA,2015,6,86
PUTUMAYO,SEMICERRADO - EXTERNADO SRPA,2015,2,86
PUTUMAYO,SEMICERRADO - INTERNADO RESTABLECIMIENTO,2015,19,86
SAN ANDRES,PRESTACIÓN DE SERVICIOS A LA COMUNIDAD,2015,13,88
SAN ANDRES,LIBERTAD VIGILADA,2015,12,88
SAN ANDRES,SEMICERRADO - EXTERNADO RESTABLECIMIENTO,2015,13,88
SAN ANDRES,SEMICERRADO - EXTERNADO SRPA,2015,14,88
AMAZONAS,PRESTACIÓN DE SERVICIOS A LA COMUNIDAD,2015,                  - ,91
AMAZONAS,LIBERTAD VIGILADA,2015,10,91
GUAINIA,PRESTACIÓN DE SERVICIOS A LA COMUNIDAD,2015,                  - ,94
GUAINIA,LIBERTAD VIGILADA,2015,1,94
GUAVIARE,PRESTACIÓN DE SERVICIOS A LA COMUNIDAD,2015,1,95
GUAVIARE,LIBERTAD VIGILADA,2015,4,95
GUAVIARE,SEMICERRADO - EXTERNADO RESTABLECIMIENTO,2015,5,95
GUAVIARE,SEMICERRADO - EXTERNADO SRPA,2015,6,95
GUAVIARE,SEMICERRADO - SEMIINTERNADO RESTABLECIMIENTO,2015,5,95
GUAVIARE,SEMICERRADO - SEMIINTERNADO SRPA,2015,5,95
ANTIOQUIA,PRESTACION DE SERVICIOS A LA COMUNIDAD,2016,45,5
ANTIOQUIA,LIBERTAD VIGILADA,2016,355,5
ANTIOQUIA,SEMICERRADO - EXTERNADO RESTABLECIMIENTO,2016,69,5
ANTIOQUIA,SEMICERRADO - EXTERNADO SRPA,2016,30,5
ANTIOQUIA,SEMICERRADO - SEMIINTERNADO RESTABLECIMIENTO,2016,259,5
ANTIOQUIA,SEMICERRADO - SEMIINTERNADO SRPA,2016,118,5
ANTIOQUIA,SEMICERRADO - INTERNADO RESTABLECIMIENTO,2016,315,5
ANTIOQUIA,SEMICERRADO - INTERNAMIENTO ABIERTO SRPA,2016,60,5
ATLANTICO,PRESTACION DE SERVICIOS A LA COMUNIDAD,2016,3,8
ATLANTICO,LIBERTAD VIGILADA,2016,56,8
ATLANTICO,SEMICERRADO - EXTERNADO RESTABLECIMIENTO,2016,6,8
ATLANTICO,SEMICERRADO - EXTERNADO SRPA,2016,6,8
ATLANTICO,SEMICERRADO - SEMIINTERNADO RESTABLECIMIENTO,2016,40,8
ATLANTICO,SEMICERRADO - SEMIINTERNADO SRPA,2016,32,8
ATLANTICO,SEMICERRADO - INTERNADO RESTABLECIMIENTO,2016,40,8
BOGOTA,PRESTACION DE SERVICIOS A LA COMUNIDAD,2016,182,11
BOGOTA,LIBERTAD VIGILADA,2016,419,11
BOGOTA,SEMICERRADO - EXTERNADO RESTABLECIMIENTO,2016,125,11
BOGOTA,SEMICERRADO - EXTERNADO SRPA,2016,114,11
BOGOTA,SEMICERRADO - INTERNADO RESTABLECIMIENTO,2016,333,11
BOLIVAR,LIBERTAD VIGILADA,2016,56,13
BOLIVAR,SEMICERRADO - EXTERNADO RESTABLECIMIENTO,2016,                  - ,13
BOLIVAR,SEMICERRADO - EXTERNADO SRPA,2016,                  - ,13
BOLIVAR,SEMICERRADO - SEMIINTERNADO SRPA,2016,25,13
BOLIVAR,SEMICERRADO - INTERNADO RESTABLECIMIENTO,2016,32,13
BOYACA,PRESTACION DE SERVICIOS A LA COMUNIDAD,2016,3,15
BOYACA,LIBERTAD VIGILADA,2016,19,15
BOYACA,SEMICERRADO - EXTERNADO SRPA,2016,                  - ,15
BOYACA,SEMICERRADO - SEMIINTERNADO RESTABLECIMIENTO,2016,9,15
BOYACA,SEMICERRADO - SEMIINTERNADO SRPA,2016,8,15
BOYACA,SEMICERRADO - INTERNADO RESTABLECIMIENTO,2016,77,15
CALDAS,PRESTACION DE SERVICIOS A LA COMUNIDAD,2016,14,17
CALDAS,LIBERTAD VIGILADA,2016,56,17
CALDAS,SEMICERRADO - EXTERNADO RESTABLECIMIENTO,2016,18,17
CALDAS,SEMICERRADO - EXTERNADO SRPA,2016,16,17
CALDAS,SEMICERRADO - SEMIINTERNADO RESTABLECIMIENTO,2016,30,17
CALDAS,SEMICERRADO - SEMIINTERNADO SRPA,2016,10,17
CALDAS,SEMICERRADO - INTERNADO RESTABLECIMIENTO,2016,196,17
CALDAS,SEMICERRADO - INTERNAMIENTO ABIERTO SRPA,2016,69,17
CAQUETA,PRESTACION DE SERVICIOS A LA COMUNIDAD,2016,5,18
CAQUETA,LIBERTAD VIGILADA,2016,26,18
CAUCA,PRESTACION DE SERVICIOS A LA COMUNIDAD,2016,46,19
CAUCA,LIBERTAD VIGILADA,2016,107,19
CAUCA,SEMICERRADO - EXTERNADO SRPA,2016,40,19
CAUCA,SEMICERRADO - INTERNADO RESTABLECIMIENTO,2016,82,19
CESAR,PRESTACION DE SERVICIOS A LA COMUNIDAD,2016,4,20
CESAR,LIBERTAD VIGILADA,2016,21,20
CESAR,SEMICERRADO - EXTERNADO RESTABLECIMIENTO,2016,8,20
CESAR,SEMICERRADO - EXTERNADO SRPA,2016,5,20
CESAR,SEMICERRADO - SEMIINTERNADO RESTABLECIMIENTO,2016,6,20
CESAR,SEMICERRADO - SEMIINTERNADO SRPA,2016,8,20
CORDOBA,LIBERTAD VIGILADA,2016,39,23
CORDOBA,SEMICERRADO - SEMIINTERNADO SRPA,2016,13,23
CUNDINAMARCA,PRESTACION DE SERVICIOS A LA COMUNIDAD,2016,5,25
CUNDINAMARCA,LIBERTAD VIGILADA,2016,39,25
CUNDINAMARCA,SEMICERRADO - EXTERNADO RESTABLECIMIENTO,2016,20,25
CUNDINAMARCA,SEMICERRADO - EXTERNADO SRPA,2016,26,25
CUNDINAMARCA,SEMICERRADO - SEMIINTERNADO SRPA,2016,30,25
CUNDINAMARCA,SEMICERRADO - INTERNADO RESTABLECIMIENTO,2016,55,25
CUNDINAMARCA,SEMICERRADO - INTERNAMIENTO ABIERTO SRPA,2016,25,25
CHOCO,PRESTACION DE SERVICIOS A LA COMUNIDAD,2016,                  - ,27
CHOCO,LIBERTAD VIGILADA,2016,10,27
CHOCO,SEMICERRADO - EXTERNADO RESTABLECIMIENTO,2016,13,27
CHOCO,SEMICERRADO - EXTERNADO SRPA,2016,5,27
HUILA,PRESTACION DE SERVICIOS A LA COMUNIDAD,2016,31,41
HUILA,LIBERTAD VIGILADA,2016,63,41
HUILA,SEMICERRADO - EXTERNADO SRPA,2016,9,41
HUILA,SEMICERRADO - SEMIINTERNADO SRPA,2016,8,41
HUILA,SEMICERRADO - INTERNAMIENTO ABIERTO SRPA,2016,15,41
GUAJIRA,PRESTACION DE SERVICIOS A LA COMUNIDAD,2016,                  - ,44
GUAJIRA,LIBERTAD VIGILADA,2016,9,44
GUAJIRA,SEMICERRADO - EXTERNADO SRPA,2016,9,44
MAGDALENA,LIBERTAD VIGILADA,2016,38,47
MAGDALENA,SEMICERRADO - EXTERNADO RESTABLECIMIENTO,2016,29,47
MAGDALENA,SEMICERRADO - EXTERNADO SRPA,2016,1,47
META,PRESTACION DE SERVICIOS A LA COMUNIDAD,2016,2,50
META,LIBERTAD VIGILADA,2016,42,50
META,SEMICERRADO - EXTERNADO RESTABLECIMIENTO,2016,14,50
META,SEMICERRADO - EXTERNADO SRPA,2016,20,50
NARIÑO,PRESTACION DE SERVICIOS A LA COMUNIDAD,2016,2,52
NARIÑO,LIBERTAD VIGILADA,2016,36,52
NARIÑO,SEMICERRADO - EXTERNADO RESTABLECIMIENTO,2016,17,52
NARIÑO,SEMICERRADO - EXTERNADO SRPA,2016,43,52
NARIÑO,SEMICERRADO - SEMIINTERNADO SRPA,2016,17,52
NARIÑO,SEMICERRADO - INTERNADO RESTABLECIMIENTO,2016,47,52
NORTE DE SANTANDER,LIBERTAD VIGILADA,2016,40,54
NORTE DE SANTANDER,SEMICERRADO - EXTERNADO SRPA,2016,5,54
NORTE DE SANTANDER,SEMICERRADO - INTERNADO RESTABLECIMIENTO,2016,18,54
NORTE DE SANTANDER,SEMICERRADO - INTERNAMIENTO ABIERTO SRPA,2016,35,54
QUINDIO,PRESTACION DE SERVICIOS A LA COMUNIDAD,2016,13,63
QUINDIO,LIBERTAD VIGILADA,2016,19,63
QUINDIO,SEMICERRADO - EXTERNADO RESTABLECIMIENTO,2016,5,63
QUINDIO,SEMICERRADO - EXTERNADO SRPA,2016,10,63
QUINDIO,SEMICERRADO - SEMIINTERNADO RESTABLECIMIENTO,2016,46,63
QUINDIO,SEMICERRADO - SEMIINTERNADO SRPA,2016,36,63
QUINDIO,SEMICERRADO - INTERNADO RESTABLECIMIENTO,2016,41,63
QUINDIO,SEMICERRADO - INTERNAMIENTO ABIERTO SRPA,2016,33,63
RISARALDA,PRESTACION DE SERVICIOS A LA COMUNIDAD,2016,11,66
RISARALDA,LIBERTAD VIGILADA,2016,67,66
RISARALDA,SEMICERRADO - EXTERNADO SRPA,2016,55,66
RISARALDA,SEMICERRADO - SEMIINTERNADO SRPA,2016,85,66
RISARALDA,SEMICERRADO - INTERNADO RESTABLECIMIENTO,2016,5,66
RISARALDA,SEMICERRADO - INTERNAMIENTO ABIERTO SRPA,2016,22,66
SANTANDER,LIBERTAD VIGILADA,2016,90,68
SANTANDER,SEMICERRADO - EXTERNADO RESTABLECIMIENTO,2016,64,68
SANTANDER,SEMICERRADO - EXTERNADO SRPA,2016,71,68
SANTANDER,SEMICERRADO - SEMIINTERNADO RESTABLECIMIENTO,2016,                  - ,68
SANTANDER,SEMICERRADO - INTERNADO RESTABLECIMIENTO,2016,10,68
SUCRE,LIBERTAD VIGILADA,2016,25,70
SUCRE,SEMICERRADO - EXTERNADO SRPA,2016,15,70
TOLIMA,PRESTACION DE SERVICIOS A LA COMUNIDAD,2016,15,73
TOLIMA,LIBERTAD VIGILADA,2016,118,73
TOLIMA,SEMICERRADO - EXTERNADO SRPA,2016,38,73
TOLIMA,SEMICERRADO - INTERNADO RESTABLECIMIENTO,2016,79,73
VALLE,LIBERTAD VIGILADA,2016,440,76
VALLE,SEMICERRADO - EXTERNADO SRPA,2016,151,76
VALLE,SEMICERRADO - INTERNADO RESTABLECIMIENTO,2016,60,76
ARAUCA,PRESTACION DE SERVICIOS A LA COMUNIDAD,2016,                  - ,81
ARAUCA,LIBERTAD VIGILADA,2016,4,81
ARAUCA,SEMICERRADO - EXTERNADO RESTABLECIMIENTO,2016,1,81
ARAUCA,SEMICERRADO - EXTERNADO SRPA,2016,1,81
ARAUCA,SEMICERRADO - SEMIINTERNADO RESTABLECIMIENTO,2016,1,81
ARAUCA,SEMICERRADO - SEMIINTERNADO SRPA,2016,4,81
ARAUCA,SEMICERRADO - INTERNADO RESTABLECIMIENTO,2016,9,81
ARAUCA,SEMICERRADO - INTERNAMIENTO ABIERTO SRPA,2016,9,81
CASANARE,PRESTACION DE SERVICIOS A LA COMUNIDAD,2016,                  - ,85
CASANARE,LIBERTAD VIGILADA,2016,28,85
CASANARE,SEMICERRADO - EXTERNADO SRPA,2016,4,85
CASANARE,SEMICERRADO - SEMIINTERNADO SRPA,2016,11,85
PUTUMAYO,PRESTACION DE SERVICIOS A LA COMUNIDAD,2016,2,86
PUTUMAYO,LIBERTAD VIGILADA,2016,28,86
PUTUMAYO,SEMICERRADO - EXTERNADO SRPA,2016,2,86
PUTUMAYO,SEMICERRADO - INTERNADO RESTABLECIMIENTO,2016,42,86
SAN ANDRES,PRESTACION DE SERVICIOS A LA COMUNIDAD,2016,5,88
SAN ANDRES,LIBERTAD VIGILADA,2016,11,88
SAN ANDRES,SEMICERRADO - EXTERNADO RESTABLECIMIENTO,2016,7,88
SAN ANDRES,SEMICERRADO - EXTERNADO SRPA,2016,11,88
AMAZONAS,PRESTACION DE SERVICIOS A LA COMUNIDAD,2016,2,91
AMAZONAS,LIBERTAD VIGILADA,2016,9,91
GUAINIA,PRESTACION DE SERVICIOS A LA COMUNIDAD,2016,1,94
GUAINIA,LIBERTAD VIGILADA,2016,1,94
GUAVIARE,PRESTACION DE SERVICIOS A LA COMUNIDAD,2016,                  - ,95
GUAVIARE,LIBERTAD VIGILADA,2016,2,95
GUAVIARE,SEMICERRADO - EXTERNADO SRPA,2016,4,95
GUAVIARE,SEMICERRADO - SEMIINTERNADO SRPA,2016,                  - ,95
ANTIOQUIA,SEMICERRADO-INTERNADO,2017,60,5
ANTIOQUIA,SEMICERRADO-EXTERNADO JORNADA COMPLETA ,2017,76,5
ANTIOQUIA,SEMICERRADO-EXTERNADO MEDIA JORNADA ,2017,30,5
ANTIOQUIA,PRESTACIÓN DE SERVICIOS A LA COMUNIDAD ,2017,70,5
ANTIOQUIA,LIBERTAD ASISTIDA / VIGILADA,2017,258,5
ATLANTICO,SEMICERRADO-EXTERNADO JORNADA COMPLETA ,2017,32,8
ATLANTICO,SEMICERRADO-EXTERNADO MEDIA JORNADA ,2017,8,8
ATLANTICO,PRESTACIÓN DE SERVICIOS A LA COMUNIDAD ,2017,12,8
ATLANTICO,LIBERTAD ASISTIDA / VIGILADA,2017,50,8
BOGOTA,SEMICERRADO-EXTERNADO MEDIA JORNADA ,2017,113,11
BOGOTA,PRESTACIÓN DE SERVICIOS A LA COMUNIDAD ,2017,302,11
BOGOTA,LIBERTAD ASISTIDA / VIGILADA,2017,407,11
BOLIVAR,SEMICERRADO-EXTERNADO JORNADA COMPLETA ,2017,27,13
BOLIVAR,LIBERTAD ASISTIDA / VIGILADA,2017,78,13
BOYACA,SEMICERRADO-EXTERNADO JORNADA COMPLETA ,2017,13,15
BOYACA,PRESTACIÓN DE SERVICIOS A LA COMUNIDAD ,2017,4,15
BOYACA,LIBERTAD ASISTIDA / VIGILADA,2017,35,15
CALDAS,SEMICERRADO-INTERNADO,2017,64,17
CALDAS,SEMICERRADO-EXTERNADO JORNADA COMPLETA ,2017,10,17
CALDAS,SEMICERRADO-EXTERNADO MEDIA JORNADA ,2017,7,17
CALDAS,PRESTACIÓN DE SERVICIOS A LA COMUNIDAD ,2017,22,17
CALDAS,LIBERTAD ASISTIDA / VIGILADA,2017,37,17
CAQUETA,PRESTACIÓN DE SERVICIOS A LA COMUNIDAD ,2017,20,18
CAQUETA,LIBERTAD ASISTIDA / VIGILADA,2017,35,18
CAUCA,SEMICERRADO-EXTERNADO MEDIA JORNADA ,2017,20,19
CAUCA,PRESTACIÓN DE SERVICIOS A LA COMUNIDAD ,2017,65,19
CAUCA,LIBERTAD ASISTIDA / VIGILADA,2017,94,19
CESAR,SEMICERRADO-EXTERNADO JORNADA COMPLETA ,2017,16,20
CESAR,SEMICERRADO-EXTERNADO MEDIA JORNADA ,2017,16,20
CESAR,PRESTACIÓN DE SERVICIOS A LA COMUNIDAD ,2017,7,20
CESAR,LIBERTAD ASISTIDA / VIGILADA,2017,21,20
CORDOBA,SEMICERRADO-EXTERNADO JORNADA COMPLETA ,2017,                  - ,23
CORDOBA,LIBERTAD ASISTIDA / VIGILADA,2017,                  - ,23
CUNDINAMARCA,SEMICERRADO-INTERNADO,2017,15,25
CUNDINAMARCA,SEMICERRADO-EXTERNADO JORNADA COMPLETA ,2017,17,25
CUNDINAMARCA,SEMICERRADO-EXTERNADO MEDIA JORNADA ,2017,36,25
CUNDINAMARCA,PRESTACIÓN DE SERVICIOS A LA COMUNIDAD ,2017,14,25
CUNDINAMARCA,LIBERTAD ASISTIDA / VIGILADA,2017,61,25
CHOCO,SEMICERRADO-EXTERNADO MEDIA JORNADA ,2017,10,27
CHOCO,LIBERTAD ASISTIDA / VIGILADA,2017,10,27
HUILA,SEMICERRADO-INTERNADO,2017,16,41
HUILA,SEMICERRADO-EXTERNADO JORNADA COMPLETA ,2017,6,41
HUILA,SEMICERRADO-EXTERNADO MEDIA JORNADA ,2017,6,41
HUILA,PRESTACIÓN DE SERVICIOS A LA COMUNIDAD ,2017,49,41
HUILA,LIBERTAD ASISTIDA / VIGILADA,2017,54,41
GUAJIRA,SEMICERRADO-EXTERNADO MEDIA JORNADA ,2017,9,44
GUAJIRA,PRESTACIÓN DE SERVICIOS A LA COMUNIDAD ,2017,                  - ,44
GUAJIRA,LIBERTAD ASISTIDA / VIGILADA,2017,12,44
MAGDALENA,SEMICERRADO-EXTERNADO MEDIA JORNADA ,2017,                  - ,47
MAGDALENA,LIBERTAD ASISTIDA / VIGILADA,2017,40,47
META,SEMICERRADO-EXTERNADO MEDIA JORNADA ,2017,37,50
META,PRESTACIÓN DE SERVICIOS A LA COMUNIDAD ,2017,12,50
META,LIBERTAD ASISTIDA / VIGILADA,2017,40,50
NARIÑO,SEMICERRADO-EXTERNADO JORNADA COMPLETA ,2017,17,52
NARIÑO,SEMICERRADO-EXTERNADO MEDIA JORNADA ,2017,12,52
NARIÑO,PRESTACIÓN DE SERVICIOS A LA COMUNIDAD ,2017,3,52
NARIÑO,LIBERTAD ASISTIDA / VIGILADA,2017,43,52
NORTE DE SANTANDER,SEMICERRADO-INTERNADO,2017,44,54
NORTE DE SANTANDER,LIBERTAD ASISTIDA / VIGILADA,2017,50,54
QUINDIO,SEMICERRADO-INTERNADO,2017,26,63
QUINDIO,SEMICERRADO-EXTERNADO JORNADA COMPLETA ,2017,22,63
QUINDIO,SEMICERRADO-EXTERNADO MEDIA JORNADA ,2017,11,63
QUINDIO,PRESTACIÓN DE SERVICIOS A LA COMUNIDAD ,2017,22,63
QUINDIO,LIBERTAD ASISTIDA / VIGILADA,2017,16,63
RISARALDA,SEMICERRADO-INTERNADO,2017,17,66
RISARALDA,SEMICERRADO-EXTERNADO JORNADA COMPLETA ,2017,83,66
RISARALDA,SEMICERRADO-EXTERNADO MEDIA JORNADA ,2017,54,66
RISARALDA,PRESTACIÓN DE SERVICIOS A LA COMUNIDAD ,2017,9,66
RISARALDA,LIBERTAD ASISTIDA / VIGILADA,2017,64,66
SANTANDER,SEMICERRADO-EXTERNADO MEDIA JORNADA ,2017,65,68
SANTANDER,LIBERTAD ASISTIDA / VIGILADA,2017,108,68
SUCRE,SEMICERRADO-EXTERNADO MEDIA JORNADA ,2017,                  - ,70
SUCRE,LIBERTAD ASISTIDA / VIGILADA,2017,                  - ,70
TOLIMA,SEMICERRADO-EXTERNADO MEDIA JORNADA ,2017,38,73
TOLIMA,PRESTACIÓN DE SERVICIOS A LA COMUNIDAD ,2017,19,73
TOLIMA,LIBERTAD ASISTIDA / VIGILADA,2017,108,73
VALLE,SEMICERRADO-EXTERNADO MEDIA JORNADA ,2017,137,76
VALLE,LIBERTAD ASISTIDA / VIGILADA,2017,460,76
ARAUCA,SEMICERRADO-INTERNADO,2017,3,81
ARAUCA,SEMICERRADO-EXTERNADO JORNADA COMPLETA ,2017,4,81
ARAUCA,SEMICERRADO-EXTERNADO MEDIA JORNADA ,2017,3,81
ARAUCA,PRESTACIÓN DE SERVICIOS A LA COMUNIDAD ,2017,2,81
ARAUCA,LIBERTAD ASISTIDA / VIGILADA,2017,8,81
CASANARE,SEMICERRADO-EXTERNADO JORNADA COMPLETA ,2017,7,85
CASANARE,SEMICERRADO-EXTERNADO MEDIA JORNADA ,2017,7,85
CASANARE,LIBERTAD ASISTIDA / VIGILADA,2017,14,85
PUTUMAYO,SEMICERRADO-EXTERNADO MEDIA JORNADA ,2017,1,86
PUTUMAYO,PRESTACIÓN DE SERVICIOS A LA COMUNIDAD ,2017,2,86
PUTUMAYO,LIBERTAD ASISTIDA / VIGILADA,2017,12,86
SAN ANDRES,SEMICERRADO-EXTERNADO MEDIA JORNADA ,2017,8,88
SAN ANDRES,PRESTACIÓN DE SERVICIOS A LA COMUNIDAD ,2017,4,88
SAN ANDRES,LIBERTAD ASISTIDA / VIGILADA,2017,10,88
AMAZONAS,LIBERTAD ASISTIDA / VIGILADA,2017,11,91
GUAINIA,LIBERTAD ASISTIDA / VIGILADA,2017,                  - ,94
GUAVIARE,SEMICERRADO-EXTERNADO JORNADA COMPLETA ,2017,                  - ,95
GUAVIARE,SEMICERRADO-EXTERNADO MEDIA JORNADA ,2017,5,95
GUAVIARE,PRESTACIÓN DE SERVICIOS A LA COMUNIDAD ,2017,                  - ,95
GUAVIARE,LIBERTAD ASISTIDA / VIGILADA,2017,2,95
ANTIOQUIA,SEMICERRADO-INTERNADO,2018,150,5
ANTIOQUIA,SEMICERRADO-EXTERNADO JORNADA COMPLETA,2018,95,5
ANTIOQUIA,SEMICERRADO-EXTERNADO MEDIA JORNADA,2018,18,5
ANTIOQUIA,PRESTACIÓN DE SERVICIOS A LA COMUNIDAD,2018,105,5
ANTIOQUIA,LIBERTAD ASISTIDA/VIGILADA,2018,516,5
ATLANTICO,SEMICERRADO-EXTERNADO JORNADA COMPLETA,2018,30,8
ATLANTICO,SEMICERRADO-EXTERNADO MEDIA JORNADA,2018,6,8
ATLANTICO,PRESTACIÓN DE SERVICIOS A LA COMUNIDAD,2018,9,8
ATLANTICO,LIBERTAD ASISTIDA/VIGILADA,2018,47,8
BOGOTA,SEMICERRADO-EXTERNADO MEDIA JORNADA,2018,98,11
BOGOTA,PRESTACIÓN DE SERVICIOS A LA COMUNIDAD,2018,327,11
BOGOTA,LIBERTAD ASISTIDA/VIGILADA,2018,366,11
BOLIVAR,LIBERTAD ASISTIDA/VIGILADA,2018,95,13
BOYACA,SEMICERRADO-EXTERNADO JORNADA COMPLETA,2018,13,15
BOYACA,PRESTACIÓN DE SERVICIOS A LA COMUNIDAD,2018,3,15
BOYACA,LIBERTAD ASISTIDA/VIGILADA,2018,32,15
CALDAS,SEMICERRADO-INTERNADO,2018,45,17
CALDAS,SEMICERRADO-EXTERNADO JORNADA COMPLETA,2018,10,17
CALDAS,PRESTACIÓN DE SERVICIOS A LA COMUNIDAD,2018,27,17
CALDAS,LIBERTAD ASISTIDA/VIGILADA,2018,39,17
CAQUETA,PRESTACIÓN DE SERVICIOS A LA COMUNIDAD,2018,10,18
CAQUETA,LIBERTAD ASISTIDA/VIGILADA,2018,35,18
CAUCA,SEMICERRADO-EXTERNADO MEDIA JORNADA,2018,                  - ,19
CAUCA,PRESTACIÓN DE SERVICIOS A LA COMUNIDAD,2018,27,19
CAUCA,LIBERTAD ASISTIDA/VIGILADA,2018,95,19
CESAR,SEMICERRADO-EXTERNADO JORNADA COMPLETA,2018,16,20
CESAR,SEMICERRADO-EXTERNADO MEDIA JORNADA,2018,5,20
CESAR,PRESTACIÓN DE SERVICIOS A LA COMUNIDAD,2018,6,20
CESAR,LIBERTAD ASISTIDA/VIGILADA,2018,22,20
CUNDINAMARCA,SEMICERRADO-INTERNADO,2018,25,25
CUNDINAMARCA,SEMICERRADO-EXTERNADO JORNADA COMPLETA,2018,18,25
CUNDINAMARCA,SEMICERRADO-EXTERNADO MEDIA JORNADA,2018,36,25
CUNDINAMARCA,PRESTACIÓN DE SERVICIOS A LA COMUNIDAD,2018,16,25
CUNDINAMARCA,LIBERTAD ASISTIDA/VIGILADA,2018,58,25
CHOCO,SEMICERRADO-EXTERNADO MEDIA JORNADA,2018,6,27
CHOCO,LIBERTAD ASISTIDA/VIGILADA,2018,8,27
HUILA,SEMICERRADO-INTERNADO,2018,17,41
HUILA,SEMICERRADO-EXTERNADO JORNADA COMPLETA,2018,4,41
HUILA,SEMICERRADO-EXTERNADO MEDIA JORNADA,2018,5,41
HUILA,PRESTACIÓN DE SERVICIOS A LA COMUNIDAD,2018,58,41
HUILA,LIBERTAD ASISTIDA/VIGILADA,2018,48,41
GUAJIRA,SEMICERRADO-EXTERNADO MEDIA JORNADA,2018,3,44
GUAJIRA,LIBERTAD ASISTIDA/VIGILADA,2018,32,44
MAGDALENA,LIBERTAD ASISTIDA/VIGILADA,2018,40,47
META,SEMICERRADO-EXTERNADO MEDIA JORNADA,2018,38,50
META,PRESTACIÓN DE SERVICIOS A LA COMUNIDAD,2018,5,50
META,LIBERTAD ASISTIDA/VIGILADA,2018,41,50
NARIÑO,SEMICERRADO-EXTERNADO JORNADA COMPLETA,2018,7,52
NARIÑO,SEMICERRADO-EXTERNADO MEDIA JORNADA,2018,13,52
NARIÑO,PRESTACIÓN DE SERVICIOS A LA COMUNIDAD,2018,4,52
NARIÑO,LIBERTAD ASISTIDA/VIGILADA,2018,37,52
NORTE DE SANTANDER,SEMICERRADO-INTERNADO,2018,33,54
NORTE DE SANTANDER,LIBERTAD ASISTIDA/VIGILADA,2018,49,54
QUINDIO,SEMICERRADO-INTERNADO,2018,25,63
QUINDIO,SEMICERRADO-EXTERNADO JORNADA COMPLETA,2018,23,63
QUINDIO,SEMICERRADO-EXTERNADO MEDIA JORNADA,2018,6,63
QUINDIO,PRESTACIÓN DE SERVICIOS A LA COMUNIDAD,2018,18,63
QUINDIO,LIBERTAD ASISTIDA/VIGILADA,2018,12,63
RISARALDA,SEMICERRADO-INTERNADO,2018,21,66
RISARALDA,SEMICERRADO-EXTERNADO JORNADA COMPLETA,2018,88,66
RISARALDA,SEMICERRADO-EXTERNADO MEDIA JORNADA,2018,54,66
RISARALDA,PRESTACIÓN DE SERVICIOS A LA COMUNIDAD,2018,26,66
RISARALDA,LIBERTAD ASISTIDA/VIGILADA,2018,56,66
SANTANDER,SEMICERRADO-EXTERNADO MEDIA JORNADA,2018,105,68
SANTANDER,LIBERTAD ASISTIDA/VIGILADA,2018,205,68
SUCRE,LIBERTAD ASISTIDA/VIGILADA,2018,25,70
TOLIMA,SEMICERRADO-EXTERNADO MEDIA JORNADA,2018,53,73
TOLIMA,PRESTACIÓN DE SERVICIOS A LA COMUNIDAD,2018,20,73
TOLIMA,LIBERTAD ASISTIDA/VIGILADA,2018,92,73
VALLE,SEMICERRADO-EXTERNADO MEDIA JORNADA,2018,161,76
VALLE,LIBERTAD ASISTIDA/VIGILADA,2018,779,76
ARAUCA,SEMICERRADO-INTERNADO,2018,2,81
ARAUCA,SEMICERRADO-EXTERNADO JORNADA COMPLETA,2018,2,81
ARAUCA,SEMICERRADO-EXTERNADO MEDIA JORNADA,2018,1,81
ARAUCA,LIBERTAD ASISTIDA/VIGILADA,2018,2,81
PUTUMAYO,SEMICERRADO-EXTERNADO MEDIA JORNADA,2018,2,86
PUTUMAYO,PRESTACIÓN DE SERVICIOS A LA COMUNIDAD,2018,2,86
PUTUMAYO,LIBERTAD ASISTIDA/VIGILADA,2018,4,86
SAN ANDRES,SEMICERRADO-EXTERNADO MEDIA JORNADA,2018,6,88
SAN ANDRES,PRESTACIÓN DE SERVICIOS A LA COMUNIDAD,2018,2,88
SAN ANDRES,LIBERTAD ASISTIDA/VIGILADA,2018,6,88
AMAZONAS,LIBERTAD ASISTIDA/VIGILADA,2018,10,91
GUAINIA,LIBERTAD ASISTIDA/VIGILADA,2018,2,94
GUAVIARE,SEMICERRADO-EXTERNADO JORNADA COMPLETA,2018,                  - ,95
GUAVIARE,SEMICERRADO-EXTERNADO MEDIA JORNADA,2018,3,95
GUAVIARE,PRESTACIÓN DE SERVICIOS A LA COMUNIDAD,2018,3,95
GUAVIARE,LIBERTAD ASISTIDA/VIGILADA,2018,2,95
ANTIOQUIA,SEMICERRADO-INTERNADO,2019,90,5
ANTIOQUIA,SEMICERRADO-EXTERNADO JORNADA COMPLETA,2019,55,5
ANTIOQUIA,SEMICERRADO-EXTERNADO MEDIA JORNADA,2019,4,5
ANTIOQUIA,PRESTACIÓN DE SERVICIOS A LA COMUNIDAD,2019,37,5
ANTIOQUIA,LIBERTAD ASISTIDA/VIGILADA,2019,194,5
ATLANTICO,SEMICERRADO-EXTERNADO JORNADA COMPLETA,2019,30,8
ATLANTICO,SEMICERRADO-EXTERNADO MEDIA JORNADA,2019,5,8
ATLANTICO,PRESTACIÓN DE SERVICIOS A LA COMUNIDAD,2019,4,8
ATLANTICO,LIBERTAD ASISTIDA/VIGILADA,2019,45,8
BOGOTA,SEMICERRADO-EXTERNADO MEDIA JORNADA,2019,95,11
BOGOTA,PRESTACIÓN DE SERVICIOS A LA COMUNIDAD,2019,367,11
BOGOTA,LIBERTAD ASISTIDA/VIGILADA,2019,380,11
BOLIVAR,SEMICERRADO-EXTERNADO JORNADA COMPLETA,2019,20,13
BOLIVAR,LIBERTAD ASISTIDA/VIGILADA,2019,50,13
BOYACA,SEMICERRADO-EXTERNADO JORNADA COMPLETA,2019,                  - ,15
BOYACA,PRESTACIÓN DE SERVICIOS A LA COMUNIDAD,2019,                  - ,15
BOYACA,LIBERTAD ASISTIDA/VIGILADA,2019,35,15
CALDAS,SEMICERRADO-INTERNADO,2019,29,17
CALDAS,SEMICERRADO-EXTERNADO JORNADA COMPLETA,2019,10,17
CALDAS,PRESTACIÓN DE SERVICIOS A LA COMUNIDAD,2019,25,17
CALDAS,LIBERTAD ASISTIDA/VIGILADA,2019,38,17
CAQUETA,PRESTACIÓN DE SERVICIOS A LA COMUNIDAD,2019,12,18
CAQUETA,LIBERTAD ASISTIDA/VIGILADA,2019,24,18
CAUCA,PRESTACIÓN DE SERVICIOS A LA COMUNIDAD,2019,51,19
CAUCA,LIBERTAD ASISTIDA/VIGILADA,2019,90,19
CESAR,SEMICERRADO-EXTERNADO JORNADA COMPLETA,2019,13,20
CESAR,SEMICERRADO-EXTERNADO MEDIA JORNADA,2019,5,20
CESAR,PRESTACIÓN DE SERVICIOS A LA COMUNIDAD,2019,4,20
CESAR,LIBERTAD ASISTIDA/VIGILADA,2019,19,20
CORDOBA,LIBERTAD ASISTIDA/VIGILADA,2019,32,23
CUNDINAMARCA,SEMICERRADO-INTERNADO,2019,25,25
CUNDINAMARCA,SEMICERRADO-EXTERNADO JORNADA COMPLETA,2019,30,25
CUNDINAMARCA,SEMICERRADO-EXTERNADO MEDIA JORNADA,2019,44,25
CUNDINAMARCA,PRESTACIÓN DE SERVICIOS A LA COMUNIDAD,2019,19,25
CUNDINAMARCA,LIBERTAD ASISTIDA/VIGILADA,2019,80,25
CHOCO,SEMICERRADO-EXTERNADO MEDIA JORNADA,2019,                  - ,27
CHOCO,LIBERTAD ASISTIDA/VIGILADA,2019,                  - ,27
HUILA,SEMICERRADO-INTERNADO,2019,7,41
HUILA,SEMICERRADO-EXTERNADO JORNADA COMPLETA,2019,9,41
HUILA,SEMICERRADO-EXTERNADO MEDIA JORNADA,2019,1,41
HUILA,PRESTACIÓN DE SERVICIOS A LA COMUNIDAD,2019,29,41
HUILA,LIBERTAD ASISTIDA/VIGILADA,2019,58,41
GUAJIRA,LIBERTAD ASISTIDA/VIGILADA,2019,32,44
MAGDALENA,LIBERTAD ASISTIDA/VIGILADA,2019,36,47
META,SEMICERRADO-EXTERNADO MEDIA JORNADA,2019,38,50
META,PRESTACIÓN DE SERVICIOS A LA COMUNIDAD,2019,6,50
META,LIBERTAD ASISTIDA/VIGILADA,2019,40,50
NARIÑO,SEMICERRADO-EXTERNADO JORNADA COMPLETA,2019,8,52
NARIÑO,SEMICERRADO-EXTERNADO MEDIA JORNADA,2019,11,52
NARIÑO,PRESTACIÓN DE SERVICIOS A LA COMUNIDAD,2019,                  - ,52
NARIÑO,LIBERTAD ASISTIDA/VIGILADA,2019,29,52
NORTE DE SANTANDER,SEMICERRADO-INTERNADO,2019,40,54
NORTE DE SANTANDER,LIBERTAD ASISTIDA/VIGILADA,2019,54,54
QUINDIO,SEMICERRADO-INTERNADO,2019,21,63
QUINDIO,SEMICERRADO-EXTERNADO JORNADA COMPLETA,2019,21,63
QUINDIO,SEMICERRADO-EXTERNADO MEDIA JORNADA,2019,11,63
QUINDIO,PRESTACIÓN DE SERVICIOS A LA COMUNIDAD,2019,8,63
QUINDIO,LIBERTAD ASISTIDA/VIGILADA,2019,8,63
RISARALDA,SEMICERRADO-INTERNADO,2019,21,66
RISARALDA,SEMICERRADO-EXTERNADO JORNADA COMPLETA,2019,99,66
RISARALDA,SEMICERRADO-EXTERNADO MEDIA JORNADA,2019,52,66
RISARALDA,PRESTACIÓN DE SERVICIOS A LA COMUNIDAD,2019,24,66
RISARALDA,LIBERTAD ASISTIDA/VIGILADA,2019,44,66
SANTANDER,SEMICERRADO-EXTERNADO MEDIA JORNADA,2019,63,68
SANTANDER,LIBERTAD ASISTIDA/VIGILADA,2019,127,68
SUCRE,LIBERTAD ASISTIDA/VIGILADA,2019,25,70
TOLIMA,SEMICERRADO-EXTERNADO MEDIA JORNADA,2019,55,73
TOLIMA,PRESTACIÓN DE SERVICIOS A LA COMUNIDAD,2019,14,73
TOLIMA,LIBERTAD ASISTIDA/VIGILADA,2019,104,73
VALLE,SEMICERRADO-EXTERNADO MEDIA JORNADA,2019,101,76
VALLE,PRESTACIÓN DE SERVICIOS A LA COMUNIDAD,2019,                  - ,76
VALLE,LIBERTAD ASISTIDA/VIGILADA,2019,428,76
ARAUCA,SEMICERRADO-INTERNADO,2019,3,81
ARAUCA,SEMICERRADO-EXTERNADO JORNADA COMPLETA,2019,4,81
ARAUCA,SEMICERRADO-EXTERNADO MEDIA JORNADA,2019,2,81
ARAUCA,LIBERTAD ASISTIDA/VIGILADA,2019,3,81
CASANARE,LIBERTAD ASISTIDA/VIGILADA,2019,20,85
PUTUMAYO,SEMICERRADO-EXTERNADO MEDIA JORNADA,2019,1,86
PUTUMAYO,PRESTACIÓN DE SERVICIOS A LA COMUNIDAD,2019,2,86
PUTUMAYO,LIBERTAD ASISTIDA/VIGILADA,2019,5,86
SAN ANDRES,SEMICERRADO-EXTERNADO MEDIA JORNADA,2019,3,88
SAN ANDRES,PRESTACIÓN DE SERVICIOS A LA COMUNIDAD,2019,                  - ,88
SAN ANDRES,LIBERTAD ASISTIDA/VIGILADA,2019,7,88
AMAZONAS,LIBERTAD ASISTIDA/VIGILADA,2019,9,91
GUAINIA,LIBERTAD ASISTIDA/VIGILADA,2019,                  - ,94
GUAVIARE,SEMICERRADO-EXTERNADO JORNADA COMPLETA,2019,                  - ,95
GUAVIARE,SEMICERRADO-EXTERNADO MEDIA JORNADA,2019,3,95
GUAVIARE,PRESTACIÓN DE SERVICIOS A LA COMUNIDAD,2019,1,95
GUAVIARE,LIBERTAD ASISTIDA/VIGILADA,2019,2,95
ANTIOQUIA,SEMICERRADO-INTERNADO,2020,90,5
ANTIOQUIA,SEMICERRADO-EXTERNADO JORNADA COMPLETA,2020,71,5
ANTIOQUIA,PRESTACIÓN DE SERVICIOS A LA COMUNIDAD,2020,28,5
ANTIOQUIA,LIBERTAD ASISTIDA/VIGILADA,2020,147,5
ATLANTICO,SEMICERRADO-EXTERNADO JORNADA COMPLETA,2020,34,8
ATLANTICO,SEMICERRADO-EXTERNADO MEDIA JORNADA,2020,5,8
ATLANTICO,PRESTACIÓN DE SERVICIOS A LA COMUNIDAD,2020,3,8
ATLANTICO,LIBERTAD ASISTIDA/VIGILADA,2020,42,8
BOGOTA,SEMICERRADO-EXTERNADO MEDIA JORNADA,2020,86,11
BOGOTA,PRESTACIÓN DE SERVICIOS A LA COMUNIDAD,2020,183,11
BOGOTA,LIBERTAD ASISTIDA/VIGILADA,2020,316,11
BOLIVAR,SEMICERRADO-EXTERNADO JORNADA COMPLETA,2020,23,13
BOLIVAR,LIBERTAD ASISTIDA/VIGILADA,2020,65,13
BOYACA,SEMICERRADO-EXTERNADO JORNADA COMPLETA,2020,                  - ,15
BOYACA,PRESTACIÓN DE SERVICIOS A LA COMUNIDAD,2020,                  - ,15
BOYACA,LIBERTAD ASISTIDA/VIGILADA,2020,42,15
CALDAS,SEMICERRADO-INTERNADO,2020,23,17
CALDAS,SEMICERRADO-EXTERNADO JORNADA COMPLETA,2020,3,17
CALDAS,PRESTACIÓN DE SERVICIOS A LA COMUNIDAD,2020,22,17
CALDAS,LIBERTAD ASISTIDA/VIGILADA,2020,25,17
CAQUETA,PRESTACIÓN DE SERVICIOS A LA COMUNIDAD,2020,12,18
CAQUETA,LIBERTAD ASISTIDA/VIGILADA,2020,24,18
CAUCA,PRESTACIÓN DE SERVICIOS A LA COMUNIDAD,2020,22,19
CAUCA,LIBERTAD ASISTIDA/VIGILADA,2020,82,19
CESAR,SEMICERRADO-EXTERNADO JORNADA COMPLETA,2020,12,20
CESAR,SEMICERRADO-EXTERNADO MEDIA JORNADA,2020,12,20
CESAR,PRESTACIÓN DE SERVICIOS A LA COMUNIDAD,2020,12,20
CESAR,LIBERTAD ASISTIDA/VIGILADA,2020,23,20
CORDOBA,LIBERTAD ASISTIDA/VIGILADA,2020,55,23
CUNDINAMARCA,SEMICERRADO-INTERNADO,2020,28,25
CUNDINAMARCA,SEMICERRADO-EXTERNADO JORNADA COMPLETA,2020,22,25
CUNDINAMARCA,SEMICERRADO-EXTERNADO MEDIA JORNADA,2020,40,25
CUNDINAMARCA,PRESTACIÓN DE SERVICIOS A LA COMUNIDAD,2020,14,25
CUNDINAMARCA,LIBERTAD ASISTIDA/VIGILADA,2020,104,25
HUILA,SEMICERRADO-INTERNADO,2020,10,41
HUILA,SEMICERRADO-EXTERNADO JORNADA COMPLETA,2020,12,41
HUILA,SEMICERRADO-EXTERNADO MEDIA JORNADA,2020,2,41
HUILA,LIBERTAD ASISTIDA/VIGILADA,2020,46,41
GUAJIRA,SEMICERRADO-EXTERNADO MEDIA JORNADA,2020,35,44
GUAJIRA,LIBERTAD ASISTIDA/VIGILADA,2020,35,44
MAGDALENA,LIBERTAD ASISTIDA/VIGILADA,2020,46,47
META,SEMICERRADO-EXTERNADO MEDIA JORNADA,2020,34,50
META,PRESTACIÓN DE SERVICIOS A LA COMUNIDAD,2020,6,50
META,LIBERTAD ASISTIDA/VIGILADA,2020,47,50
NARIÑO,SEMICERRADO-EXTERNADO JORNADA COMPLETA,2020,6,52
NARIÑO,SEMICERRADO-EXTERNADO MEDIA JORNADA,2020,11,52
NARIÑO,LIBERTAD ASISTIDA/VIGILADA,2020,22,52
NORTE DE SANTANDER,SEMICERRADO-INTERNADO,2020,38,54
NORTE DE SANTANDER,LIBERTAD ASISTIDA/VIGILADA,2020,77,54
QUINDIO,SEMICERRADO-INTERNADO,2020,21,63
QUINDIO,SEMICERRADO-EXTERNADO JORNADA COMPLETA,2020,19,63
QUINDIO,SEMICERRADO-EXTERNADO MEDIA JORNADA,2020,2,63
QUINDIO,PRESTACIÓN DE SERVICIOS A LA COMUNIDAD,2020,4,63
QUINDIO,LIBERTAD ASISTIDA/VIGILADA,2020,14,63
RISARALDA,SEMICERRADO-INTERNADO,2020,19,66
RISARALDA,SEMICERRADO-EXTERNADO JORNADA COMPLETA,2020,68,66
RISARALDA,SEMICERRADO-EXTERNADO MEDIA JORNADA,2020,41,66
RISARALDA,PRESTACIÓN DE SERVICIOS A LA COMUNIDAD,2020,23,66
RISARALDA,LIBERTAD ASISTIDA/VIGILADA,2020,51,66
SANTANDER,SEMICERRADO-EXTERNADO MEDIA JORNADA,2020,58,68
SANTANDER,PRESTACIÓN DE SERVICIOS A LA COMUNIDAD,2020,                  - ,68
SANTANDER,LIBERTAD ASISTIDA/VIGILADA,2020,120,68
SUCRE,LIBERTAD ASISTIDA/VIGILADA,2020,22,70
TOLIMA,SEMICERRADO-EXTERNADO MEDIA JORNADA,2020,38,73
TOLIMA,PRESTACIÓN DE SERVICIOS A LA COMUNIDAD,2020,14,73
TOLIMA,LIBERTAD ASISTIDA/VIGILADA,2020,96,73
VALLE,SEMICERRADO-EXTERNADO MEDIA JORNADA,2020,96,76
VALLE,PRESTACIÓN DE SERVICIOS A LA COMUNIDAD,2020,36,76
VALLE,LIBERTAD ASISTIDA/VIGILADA,2020,366,76
ARAUCA,SEMICERRADO-INTERNADO,2020,1,81
ARAUCA,SEMICERRADO-EXTERNADO JORNADA COMPLETA,2020,2,81
ARAUCA,SEMICERRADO-EXTERNADO MEDIA JORNADA,2020,1,81
ARAUCA,LIBERTAD ASISTIDA/VIGILADA,2020,3,81
CASANARE,LIBERTAD ASISTIDA/VIGILADA,2020,23,85
SAN ANDRES,SEMICERRADO-EXTERNADO MEDIA JORNADA,2020,1,88
SAN ANDRES,LIBERTAD ASISTIDA/VIGILADA,2020,4,88
AMAZONAS,LIBERTAD ASISTIDA/VIGILADA,2020,6,91
GUAVIARE,SEMICERRADO-EXTERNADO JORNADA COMPLETA,2020,                  - ,95
GUAVIARE,SEMICERRADO-EXTERNADO MEDIA JORNADA,2020,3,95
GUAVIARE,PRESTACIÓN DE SERVICIOS A LA COMUNIDAD,2020,                  - ,95
GUAVIARE,LIBERTAD ASISTIDA/VIGILADA,2020,4,95
ANTIOQUIA,SEMICERRADO-INTERNADO,2021,76,5
ANTIOQUIA,SEMICERRADO-EXTERNADO JORNADA COMPLETA,2021,61,5
ANTIOQUIA,PRESTACIÓN DE SERVICIOS A LA COMUNIDAD,2021,20,5
ANTIOQUIA,LIBERTAD ASISTIDA/VIGILADA,2021,149,5
ATLANTICO,SEMICERRADO-EXTERNADO JORNADA COMPLETA,2021,29,8
ATLANTICO,SEMICERRADO-EXTERNADO MEDIA JORNADA,2021,10,8
ATLANTICO,PRESTACIÓN DE SERVICIOS A LA COMUNIDAD,2021,7,8
ATLANTICO,LIBERTAD ASISTIDA/VIGILADA,2021,37,8
BOGOTA,SEMICERRADO-EXTERNADO MEDIA JORNADA,2021,85,11
BOGOTA,PRESTACIÓN DE SERVICIOS A LA COMUNIDAD,2021,141,11
BOGOTA,LIBERTAD ASISTIDA/VIGILADA,2021,218,11
BOLIVAR,SEMICERRADO-EXTERNADO JORNADA COMPLETA,2021,35,13
BOLIVAR,LIBERTAD ASISTIDA/VIGILADA,2021,81,13
BOYACA,LIBERTAD ASISTIDA/VIGILADA,2021,41,15
CALDAS,SEMICERRADO-INTERNADO,2021,16,17
CALDAS,SEMICERRADO-EXTERNADO JORNADA COMPLETA,2021,1,17
CALDAS,PRESTACIÓN DE SERVICIOS A LA COMUNIDAD,2021,9,17
CALDAS,LIBERTAD ASISTIDA/VIGILADA,2021,28,17
CAQUETA,PRESTACIÓN DE SERVICIOS A LA COMUNIDAD,2021,12,18
CAQUETA,LIBERTAD ASISTIDA/VIGILADA,2021,20,18
CAUCA,PRESTACIÓN DE SERVICIOS A LA COMUNIDAD,2021,26,19
CAUCA,LIBERTAD ASISTIDA/VIGILADA,2021,83,19
CESAR,SEMICERRADO-EXTERNADO JORNADA COMPLETA,2021,14,20
CESAR,SEMICERRADO-EXTERNADO MEDIA JORNADA,2021,16,20
CESAR,PRESTACIÓN DE SERVICIOS A LA COMUNIDAD,2021,15,20
CESAR,LIBERTAD ASISTIDA/VIGILADA,2021,48,20
CORDOBA,LIBERTAD ASISTIDA/VIGILADA,2021,39,23
CUNDINAMARCA,SEMICERRADO-INTERNADO,2021,27,25
CUNDINAMARCA,SEMICERRADO-EXTERNADO JORNADA COMPLETA,2021,15,25
CUNDINAMARCA,SEMICERRADO-EXTERNADO MEDIA JORNADA,2021,39,25
CUNDINAMARCA,PRESTACIÓN DE SERVICIOS A LA COMUNIDAD,2021,7,25
CUNDINAMARCA,LIBERTAD ASISTIDA/VIGILADA,2021,118,25
HUILA,SEMICERRADO-INTERNADO,2021,10,41
HUILA,SEMICERRADO-EXTERNADO JORNADA COMPLETA,2021,9,41
HUILA,SEMICERRADO-EXTERNADO MEDIA JORNADA,2021,1,41
HUILA,LIBERTAD ASISTIDA/VIGILADA,2021,43,41
GUAJIRA,SEMICERRADO-EXTERNADO MEDIA JORNADA,2021,38,44
GUAJIRA,PRESTACIÓN DE SERVICIOS A LA COMUNIDAD,2021,10,44
GUAJIRA,LIBERTAD ASISTIDA/VIGILADA,2021,54,44
MAGDALENA,LIBERTAD ASISTIDA/VIGILADA,2021,61,47
META,SEMICERRADO-EXTERNADO MEDIA JORNADA,2021,36,50
META,PRESTACIÓN DE SERVICIOS A LA COMUNIDAD,2021,4,50
META,LIBERTAD ASISTIDA/VIGILADA,2021,43,50
NARIÑO,SEMICERRADO-EXTERNADO JORNADA COMPLETA,2021,3,52
NARIÑO,SEMICERRADO-EXTERNADO MEDIA JORNADA,2021,11,52
NARIÑO,LIBERTAD ASISTIDA/VIGILADA,2021,30,52
NORTE DE SANTANDER,SEMICERRADO-INTERNADO,2021,39,54
NORTE DE SANTANDER,LIBERTAD ASISTIDA/VIGILADA,2021,82,54
QUINDIO,SEMICERRADO-INTERNADO,2021,22,63
QUINDIO,SEMICERRADO-EXTERNADO JORNADA COMPLETA,2021,24,63
QUINDIO,SEMICERRADO-EXTERNADO MEDIA JORNADA,2021,3,63
QUINDIO,PRESTACIÓN DE SERVICIOS A LA COMUNIDAD,2021,7,63
QUINDIO,LIBERTAD ASISTIDA/VIGILADA,2021,21,63
RISARALDA,SEMICERRADO-INTERNADO,2021,21,66
RISARALDA,SEMICERRADO-EXTERNADO JORNADA COMPLETA,2021,48,66
RISARALDA,SEMICERRADO-EXTERNADO MEDIA JORNADA,2021,38,66
RISARALDA,PRESTACIÓN DE SERVICIOS A LA COMUNIDAD,2021,13,66
RISARALDA,LIBERTAD ASISTIDA/VIGILADA,2021,40,66
SANTANDER,SEMICERRADO-EXTERNADO MEDIA JORNADA,2021,74,68
SANTANDER,PRESTACIÓN DE SERVICIOS A LA COMUNIDAD,2021,11,68
SANTANDER,LIBERTAD ASISTIDA/VIGILADA,2021,115,68
SUCRE,LIBERTAD ASISTIDA/VIGILADA,2021,95,70
TOLIMA,SEMICERRADO-EXTERNADO MEDIA JORNADA,2021,39,73
TOLIMA,PRESTACIÓN DE SERVICIOS A LA COMUNIDAD,2021,7,73
TOLIMA,LIBERTAD ASISTIDA/VIGILADA,2021,73,73
VALLE,SEMICERRADO-EXTERNADO MEDIA JORNADA,2021,80,76
VALLE,PRESTACIÓN DE SERVICIOS A LA COMUNIDAD,2021,43,76
VALLE,LIBERTAD ASISTIDA/VIGILADA,2021,255,76
ARAUCA,SEMICERRADO-INTERNADO,2021,2,81
ARAUCA,SEMICERRADO-EXTERNADO JORNADA COMPLETA,2021,1,81
ARAUCA,SEMICERRADO-EXTERNADO MEDIA JORNADA,2021,2,81
ARAUCA,LIBERTAD ASISTIDA/VIGILADA,2021,2,81
CASANARE,LIBERTAD ASISTIDA/VIGILADA,2021,14,85
SAN ANDRES,SEMICERRADO-EXTERNADO MEDIA JORNADA,2021,1,88
SAN ANDRES,LIBERTAD ASISTIDA/VIGILADA,2021,1,88
AMAZONAS,LIBERTAD ASISTIDA/VIGILADA,2021,16,91
ANTIOQUIA,LIBERTAD ASISTIDA/VIGILADA,2022,4,5
ANTIOQUIA,SEMICERRADO-EXTERNADO JORNADA COMPLETA,2022,12,5
ANTIOQUIA,LIBERTAD ASISTIDA/VIGILADA,2022,6,5
ANTIOQUIA,LIBERTAD ASISTIDA/VIGILADA,2022,1,5
ANTIOQUIA,LIBERTAD ASISTIDA/VIGILADA,2022,2,5
ANTIOQUIA,LIBERTAD ASISTIDA/VIGILADA,2022,5,5
ANTIOQUIA,LIBERTAD ASISTIDA/VIGILADA,2022,1,5
ANTIOQUIA,PRESTACIÓN DE SERVICIOS A LA COMUNIDAD,2022,27,5
ANTIOQUIA,LIBERTAD ASISTIDA/VIGILADA,2022,110,5
ANTIOQUIA,SEMICERRADO-EXTERNADO JORNADA COMPLETA,2022,21,5
ANTIOQUIA,SEMICERRADO-INTERNADO,2022,68,5
ANTIOQUIA,LIBERTAD ASISTIDA/VIGILADA,2022,14,5
ANTIOQUIA,INTERNACIÓN EN MEDIO SEMICERRADO,2022,13,5
ATLANTICO,SEMICERRADO-EXTERNADO MEDIA JORNADA,2022,5,8
ATLANTICO,SEMICERRADO-EXTERNADO JORNADA COMPLETA,2022,23,8
ATLANTICO,PRESTACIÓN DE SERVICIOS A LA COMUNIDAD,2022,8,8
ATLANTICO,LIBERTAD ASISTIDA/VIGILADA,2022,33,8
ATLANTICO,INTERNACIÓN EN MEDIO SEMICERRADO,2022,26,8
ATLANTICO,LIBERTAD ASISTIDA/VIGILADA,2022,7,8
BOGOTA,SEMICERRADO-EXTERNADO MEDIA JORNADA,2022,101,11
BOGOTA,PRESTACIÓN DE SERVICIOS A LA COMUNIDAD,2022,145,11
BOGOTA,LIBERTAD ASISTIDA/VIGILADA,2022,217,11
BOGOTA,INTERNACIÓN EN MEDIO SEMICERRADO,2022,104,11
BOLIVAR,LIBERTAD ASISTIDA/VIGILADA,2022,66,13
BOLIVAR,INTERNACIÓN EN MEDIO SEMICERRADO,2022,31,13
BOLIVAR,SEMICERRADO-EXTERNADO JORNADA COMPLETA,2022,31,13
BOLIVAR,PRESTACIÓN DE SERVICIOS A LA COMUNIDAD,2022,16,13
BOYACA,LIBERTAD ASISTIDA/VIGILADA,2022,54,15
CALDAS,SEMICERRADO-EXTERNADO JORNADA COMPLETA,2022,1,17
CALDAS,SEMICERRADO-INTERNADO,2022,20,17
CALDAS,PRESTACIÓN DE SERVICIOS A LA COMUNIDAD,2022,13,17
CALDAS,LIBERTAD ASISTIDA/VIGILADA,2022,32,17
CALDAS,INTERNACIÓN EN MEDIO SEMICERRADO,2022,19,17
CALDAS,LIBERTAD ASISTIDA/VIGILADA,2022,7,17
CAQUETA,PRESTACIÓN DE SERVICIOS A LA COMUNIDAD,2022,9,18
CAQUETA,LIBERTAD ASISTIDA/VIGILADA,2022,30,18
CAUCA,PRESTACIÓN DE SERVICIOS A LA COMUNIDAD,2022,18,19
CAUCA,LIBERTAD ASISTIDA/VIGILADA,2022,27,19
CAUCA,LIBERTAD ASISTIDA/VIGILADA,2022,55,19
CESAR,SEMICERRADO-EXTERNADO MEDIA JORNADA,2022,18,20
CESAR,SEMICERRADO-EXTERNADO JORNADA COMPLETA,2022,11,20
CESAR,PRESTACIÓN DE SERVICIOS A LA COMUNIDAD,2022,5,20
CESAR,LIBERTAD ASISTIDA/VIGILADA,2022,40,20
CESAR,INTERNACIÓN EN MEDIO SEMICERRADO,2022,23,20
CORDOBA,LIBERTAD ASISTIDA/VIGILADA,2022,25,23
CUNDINAMARCA,PRESTACIÓN DE SERVICIOS A LA COMUNIDAD,2022,3,25
CUNDINAMARCA,SEMICERRADO-EXTERNADO MEDIA JORNADA,2022,22,25
CUNDINAMARCA,SEMICERRADO-EXTERNADO JORNADA COMPLETA,2022,8,25
CUNDINAMARCA,LIBERTAD ASISTIDA/VIGILADA,2022,50,25
CUNDINAMARCA,INTERNACIÓN EN MEDIO SEMICERRADO,2022,44,25
CUNDINAMARCA,SEMICERRADO-INTERNADO,2022,26,25
CUNDINAMARCA,SEMICERRADO-EXTERNADO MEDIA JORNADA,2022,14,25
CUNDINAMARCA,LIBERTAD ASISTIDA/VIGILADA,2022,38,25
CUNDINAMARCA,INTERNACIÓN EN MEDIO SEMICERRADO,2022,24,25
CUNDINAMARCA,SEMICERRADO-EXTERNADO MEDIA JORNADA,2022,3,25
CUNDINAMARCA,LIBERTAD ASISTIDA/VIGILADA,2022,8,25
CUNDINAMARCA,INTERNACIÓN EN MEDIO SEMICERRADO,2022,1,25
HUILA,SEMICERRADO-EXTERNADO MEDIA JORNADA,2022,1,41
HUILA,SEMICERRADO-EXTERNADO JORNADA COMPLETA,2022,9,41
HUILA,SEMICERRADO-INTERNADO,2022,6,41
HUILA,LIBERTAD ASISTIDA/VIGILADA,2022,16,41
HUILA,INTERNACIÓN EN MEDIO SEMICERRADO,2022,18,41
HUILA,LIBERTAD ASISTIDA/VIGILADA,2022,30,41
GUAJIRA,SEMICERRADO-EXTERNADO MEDIA JORNADA,2022,30,44
GUAJIRA,LIBERTAD ASISTIDA/VIGILADA,2022,25,44
GUAJIRA,INTERNACIÓN EN MEDIO SEMICERRADO,2022,14,44
GUAJIRA,PRESTACIÓN DE SERVICIOS A LA COMUNIDAD,2022,1,44
GUAJIRA,LIBERTAD ASISTIDA/VIGILADA,2022,1,44
GUAJIRA,LIBERTAD ASISTIDA/VIGILADA,2022,1,44
MAGDALENA,LIBERTAD ASISTIDA/VIGILADA,2022,57,47
MAGDALENA,LIBERTAD ASISTIDA/VIGILADA,2022,16,47
META,SEMICERRADO-EXTERNADO MEDIA JORNADA,2022,41,50
META,PRESTACIÓN DE SERVICIOS A LA COMUNIDAD,2022,5,50
META,LIBERTAD ASISTIDA/VIGILADA,2022,48,50
NARIÑO,SEMICERRADO-EXTERNADO MEDIA JORNADA,2022,13,52
NARIÑO,SEMICERRADO-EXTERNADO JORNADA COMPLETA,2022,3,52
NARIÑO,LIBERTAD ASISTIDA/VIGILADA,2022,32,52
NARIÑO,INTERNACIÓN EN MEDIO SEMICERRADO,2022,23,52
NARIÑO,LIBERTAD ASISTIDA/VIGILADA,2022,8,52
NORTE DE SANTANDER,SEMICERRADO-INTERNADO,2022,39,54
NORTE DE SANTANDER,LIBERTAD ASISTIDA/VIGILADA,2022,76,54
NORTE DE SANTANDER,INTERNACIÓN EN MEDIO SEMICERRADO,2022,35,54
NORTE DE SANTANDER,LIBERTAD ASISTIDA/VIGILADA,2022,6,54
QUINDIO,SEMICERRADO-EXTERNADO MEDIA JORNADA,2022,3,63
QUINDIO,SEMICERRADO-EXTERNADO JORNADA COMPLETA,2022,25,63
QUINDIO,SEMICERRADO-INTERNADO,2022,28,63
QUINDIO,PRESTACIÓN DE SERVICIOS A LA COMUNIDAD,2022,5,63
QUINDIO,LIBERTAD ASISTIDA/VIGILADA,2022,29,63
QUINDIO,INTERNACIÓN EN MEDIO SEMICERRADO,2022,44,63
RISARALDA,SEMICERRADO-EXTERNADO MEDIA JORNADA,2022,38,66
RISARALDA,SEMICERRADO-EXTERNADO JORNADA COMPLETA,2022,26,66
RISARALDA,SEMICERRADO-INTERNADO,2022,15,66
RISARALDA,PRESTACIÓN DE SERVICIOS A LA COMUNIDAD,2022,9,66
RISARALDA,LIBERTAD ASISTIDA/VIGILADA,2022,36,66
RISARALDA,INTERNACIÓN EN MEDIO SEMICERRADO,2022,35,66
SANTANDER,SEMICERRADO-EXTERNADO MEDIA JORNADA,2022,6,68
SANTANDER,LIBERTAD ASISTIDA/VIGILADA,2022,7,68
SANTANDER,INTERNACIÓN EN MEDIO SEMICERRADO,2022,4,68
SANTANDER,PRESTACIÓN DE SERVICIOS A LA COMUNIDAD,2022,29,68
SANTANDER,LIBERTAD ASISTIDA/VIGILADA,2022,23,68
SANTANDER,SEMICERRADO-EXTERNADO MEDIA JORNADA,2022,78,68
SANTANDER,LIBERTAD ASISTIDA/VIGILADA,2022,84,68
SANTANDER,INTERNACIÓN EN MEDIO SEMICERRADO,2022,78,68
SUCRE,LIBERTAD ASISTIDA/VIGILADA,2022,62,70
TOLIMA,SEMICERRADO-EXTERNADO MEDIA JORNADA,2022,43,73
TOLIMA,PRESTACIÓN DE SERVICIOS A LA COMUNIDAD,2022,11,73
TOLIMA,LIBERTAD ASISTIDA/VIGILADA,2022,68,73
TOLIMA,INTERNACIÓN EN MEDIO SEMICERRADO,2022,47,73
VALLE,SEMICERRADO-EXTERNADO MEDIA JORNADA,2022,34,76
VALLE,LIBERTAD ASISTIDA/VIGILADA,2022,26,76
VALLE,INTERNACIÓN EN MEDIO SEMICERRADO,2022,31,76
VALLE,LIBERTAD ASISTIDA/VIGILADA,2022,27,76
VALLE,LIBERTAD ASISTIDA/VIGILADA,2022,21,76
VALLE,SEMICERRADO-EXTERNADO MEDIA JORNADA,2022,32,76
VALLE,PRESTACIÓN DE SERVICIOS A LA COMUNIDAD,2022,42,76
VALLE,LIBERTAD ASISTIDA/VIGILADA,2022,153,76
VALLE,INTERNACIÓN EN MEDIO SEMICERRADO,2022,35,76
ARAUCA,SEMICERRADO-EXTERNADO MEDIA JORNADA,2022,1,81
ARAUCA,SEMICERRADO-EXTERNADO JORNADA COMPLETA,2022,1,81
ARAUCA,SEMICERRADO-INTERNADO,2022,4,81
ARAUCA,LIBERTAD ASISTIDA/VIGILADA,2022,1,81
CASANARE,LIBERTAD ASISTIDA/VIGILADA,2022,14,85
PUTUMAYO,PRESTACIÓN DE SERVICIOS A LA COMUNIDAD,2022,1,86
PUTUMAYO,LIBERTAD ASISTIDA/VIGILADA,2022,14,86
SAN ANDRES,SEMICERRADO-EXTERNADO MEDIA JORNADA,2022,1,88
SAN ANDRES,LIBERTAD ASISTIDA/VIGILADA,2022,1,88
SAN ANDRES,INTERNACIÓN EN MEDIO SEMICERRADO,2022,1,88
AMAZONAS,LIBERTAD ASISTIDA/VIGILADA,2022,27,91
ANTIOQUIA,LIBERTAD ASISTIDA/VIGILADA,2023,1,5
ANTIOQUIA,LIBERTAD ASISTIDA/VIGILADA,2023,9,5
ANTIOQUIA,LIBERTAD ASISTIDA/VIGILADA,2023,1,5
ANTIOQUIA,LIBERTAD ASISTIDA/VIGILADA,2023,1,5
ANTIOQUIA,LIBERTAD ASISTIDA/VIGILADA,2023,4,5
ANTIOQUIA,LIBERTAD ASISTIDA/VIGILADA,2023,1,5
ANTIOQUIA,PRESTACIÓN DE SERVICIOS A LA COMUNIDAD,2023,26,5
ANTIOQUIA,LIBERTAD ASISTIDA/VIGILADA,2023,118,5
ANTIOQUIA,LIBERTAD ASISTIDA/VIGILADA,2023,13,5
ANTIOQUIA,INTERNACIÓN EN MEDIO SEMICERRADO,2023,33,5
ATLANTICO,PRESTACIÓN DE SERVICIOS A LA COMUNIDAD,2023,6,8
ATLANTICO,LIBERTAD ASISTIDA/VIGILADA,2023,47,8
ATLANTICO,INTERNACIÓN EN MEDIO SEMICERRADO,2023,20,8
ATLANTICO,LIBERTAD ASISTIDA/VIGILADA,2023,4,8
BOGOTA,PRESTACIÓN DE SERVICIOS A LA COMUNIDAD,2023,92,11
BOGOTA,LIBERTAD ASISTIDA/VIGILADA,2023,200,11
BOGOTA,INTERNACIÓN EN MEDIO SEMICERRADO,2023,98,11
BOLIVAR,LIBERTAD ASISTIDA/VIGILADA,2023,56,13
BOLIVAR,INTERNACIÓN EN MEDIO SEMICERRADO,2023,19,13
BOYACA,LIBERTAD ASISTIDA/VIGILADA,2023,51,15
CALDAS,PRESTACIÓN DE SERVICIOS A LA COMUNIDAD,2023,3,17
CALDAS,LIBERTAD ASISTIDA/VIGILADA,2023,30,17
CALDAS,INTERNACIÓN EN MEDIO SEMICERRADO,2023,19,17
CALDAS,LIBERTAD ASISTIDA/VIGILADA,2023,6,17
CAQUETA,PRESTACIÓN DE SERVICIOS A LA COMUNIDAD,2023,16,18
CAQUETA,LIBERTAD ASISTIDA/VIGILADA,2023,37,18
CAUCA,PRESTACIÓN DE SERVICIOS A LA COMUNIDAD,2023,13,19
CAUCA,LIBERTAD ASISTIDA/VIGILADA,2023,29,19
CAUCA,LIBERTAD ASISTIDA/VIGILADA,2023,41,19
CESAR,PRESTACIÓN DE SERVICIOS A LA COMUNIDAD,2023,6,20
CESAR,LIBERTAD ASISTIDA/VIGILADA,2023,32,20
CESAR,INTERNACIÓN EN MEDIO SEMICERRADO,2023,21,20
CORDOBA,LIBERTAD ASISTIDA/VIGILADA,2023,25,23
CUNDINAMARCA,PRESTACIÓN DE SERVICIOS A LA COMUNIDAD,2023,4,25
CUNDINAMARCA,LIBERTAD ASISTIDA/VIGILADA,2023,49,25
CUNDINAMARCA,INTERNACIÓN EN MEDIO SEMICERRADO,2023,41,25
CUNDINAMARCA,LIBERTAD ASISTIDA/VIGILADA,2023,50,25
CUNDINAMARCA,INTERNACIÓN EN MEDIO SEMICERRADO,2023,32,25
CUNDINAMARCA,LIBERTAD ASISTIDA/VIGILADA,2023,8,25
CUNDINAMARCA,INTERNACIÓN EN MEDIO SEMICERRADO,2023,1,25
CHOCO,PRESTACIÓN DE SERVICIOS A LA COMUNIDAD,2023,40,27
CHOCO,LIBERTAD ASISTIDA/VIGILADA,2023,20,27
CHOCO,INTERNACIÓN EN MEDIO SEMICERRADO,2023,10,27
HUILA,PRESTACIÓN DE SERVICIOS A LA COMUNIDAD,2023,30,41
HUILA,LIBERTAD ASISTIDA/VIGILADA,2023,17,41
HUILA,INTERNACIÓN EN MEDIO SEMICERRADO,2023,16,41
HUILA,LIBERTAD ASISTIDA/VIGILADA,2023,30,41
GUAJIRA,LIBERTAD ASISTIDA/VIGILADA,2023,29,44
GUAJIRA,INTERNACIÓN EN MEDIO SEMICERRADO,2023,22,44
GUAJIRA,PRESTACIÓN DE SERVICIOS A LA COMUNIDAD,2023,4,44
GUAJIRA,LIBERTAD ASISTIDA/VIGILADA,2023,5,44
MAGDALENA,LIBERTAD ASISTIDA/VIGILADA,2023,72,47
MAGDALENA,LIBERTAD ASISTIDA/VIGILADA,2023,12,47
META,PRESTACIÓN DE SERVICIOS A LA COMUNIDAD,2023,5,50
META,LIBERTAD ASISTIDA/VIGILADA,2023,54,50
NARIÑO,LIBERTAD ASISTIDA/VIGILADA,2023,31,52
NARIÑO,INTERNACIÓN EN MEDIO SEMICERRADO,2023,26,52
NARIÑO,LIBERTAD ASISTIDA/VIGILADA,2023,6,52
NORTE DE SANTANDER,LIBERTAD ASISTIDA/VIGILADA,2023,68,54
NORTE DE SANTANDER,INTERNACIÓN EN MEDIO SEMICERRADO,2023,38,54
NORTE DE SANTANDER,LIBERTAD ASISTIDA/VIGILADA,2023,5,54
QUINDIO,PRESTACIÓN DE SERVICIOS A LA COMUNIDAD,2023,5,63
QUINDIO,LIBERTAD ASISTIDA/VIGILADA,2023,30,63
QUINDIO,INTERNACIÓN EN MEDIO SEMICERRADO,2023,48,63
RISARALDA,PRESTACIÓN DE SERVICIOS A LA COMUNIDAD,2023,3,66
RISARALDA,LIBERTAD ASISTIDA/VIGILADA,2023,40,66
RISARALDA,INTERNACIÓN EN MEDIO SEMICERRADO,2023,24,66
SANTANDER,LIBERTAD ASISTIDA/VIGILADA,2023,12,68
SANTANDER,INTERNACIÓN EN MEDIO SEMICERRADO,2023,3,68
SANTANDER,PRESTACIÓN DE SERVICIOS A LA COMUNIDAD,2023,52,68
SANTANDER,LIBERTAD ASISTIDA/VIGILADA,2023,24,68
SANTANDER,PRESTACIÓN DE SERVICIOS A LA COMUNIDAD,2023,13,68
SANTANDER,LIBERTAD ASISTIDA/VIGILADA,2023,93,68
SANTANDER,INTERNACIÓN EN MEDIO SEMICERRADO,2023,78,68
SUCRE,LIBERTAD ASISTIDA/VIGILADA,2023,23,70
TOLIMA,PRESTACIÓN DE SERVICIOS A LA COMUNIDAD,2023,3,73
TOLIMA,LIBERTAD ASISTIDA/VIGILADA,2023,54,73
TOLIMA,INTERNACIÓN EN MEDIO SEMICERRADO,2023,49,73
TOLIMA,PRESTACIÓN DE SERVICIOS A LA COMUNIDAD,2023,11,73
TOLIMA,LIBERTAD ASISTIDA/VIGILADA,2023,65,73
TOLIMA,INTERNACIÓN EN MEDIO SEMICERRADO,2023,53,73
VALLE,LIBERTAD ASISTIDA/VIGILADA,2023,35,76
VALLE,INTERNACIÓN EN MEDIO SEMICERRADO,2023,27,76
VALLE,LIBERTAD ASISTIDA/VIGILADA,2023,25,76
VALLE,LIBERTAD ASISTIDA/VIGILADA,2023,23,76
VALLE,PRESTACIÓN DE SERVICIOS A LA COMUNIDAD,2023,28,76
VALLE,LIBERTAD ASISTIDA/VIGILADA,2023,187,76
VALLE,INTERNACIÓN EN MEDIO SEMICERRADO,2023,33,76
CASANARE,LIBERTAD ASISTIDA/VIGILADA,2023,10,85
PUTUMAYO,PRESTACIÓN DE SERVICIOS A LA COMUNIDAD,2023,3,86
PUTUMAYO,LIBERTAD ASISTIDA/VIGILADA,2023,19,86
PUTUMAYO,INTERNACIÓN EN MEDIO SEMICERRADO,2023,1,86
SAN ANDRES,LIBERTAD ASISTIDA/VIGILADA,2023,1,88
SAN ANDRES,INTERNACIÓN EN MEDIO SEMICERRADO,2023,1,88
AMAZONAS,LIBERTAD ASISTIDA/VIGILADA,2023,25,91
AMAZONAS,INTERNACIÓN EN MEDIO SEMICERRADO,2023,3,91
GUAVIARE,INTERNACIÓN EN MEDIO SEMICERRADO,2023,8,95
